{"cameraMode":{"drawMode":0,"name":"Shaded","section":"Shading Mode"},"sceneLighting":false,"audioPlay":false,"sceneViewState":{"showFog":true,"showMaterialUpdate":false,"showSkybox":true,"showFlares":true,"showImageEffects":true,"showParticleSystems":true},"in2DMode":false,"pivot":{"x":-0.7438868284225464,"y":1.601852536201477,"z":-5.960464477539063e-8},"rotation":{"x":0.020914224907755853,"y":-0.9789599776268005,"z":0.13536009192466737,"w":0.15125761926174165},"size":7.4186692237854,"orthographic":true}