{"cameraMode":{"drawMode":0,"name":"Shaded","section":"Shading Mode"},"sceneLighting":false,"audioPlay":false,"sceneViewState":{"showFog":true,"showMaterialUpdate":false,"showSkybox":true,"showFlares":true,"showImageEffects":true,"showParticleSystems":true},"in2DMode":false,"pivot":{"x":0.36999961733818056,"y":-0.35000017285346987,"z":0.49000129103660586},"rotation":{"x":0.020914224907755853,"y":-0.9789599776268005,"z":0.13536009192466737,"w":0.15125761926174165},"size":2.0183331966400148,"orthographic":true}